site,region_name
1,R1
2,R1
3,R1
4,R1
5,R1
6,R1
7,R1
8,R1
9,R1
10,R1
11,R1
12,R1
13,R1
14,R1
15,R1
16,R1
17,R1
18,R1
19,R1
20,R1
21,R1
22,R1
23,R1
24,R1
25,R1
26,R1
27,R1
28,R1
29,R1
30,R1
31,R1
32,R1
33,R1
34,R1
35,R1
36,R1
37,R1
38,R1
39,R1
40,R1
41,R1
42,R1
43,R1
44,R1
45,R1
46,R1
47,R1
48,R1
49,R1
50,R1
51,R1
52,R1
53,R1
54,R1
55,R1
56,R1
57,R1
58,R1
59,R1
60,R1
61,R1
62,R1
63,R1
64,R1
65,R1
66,R1
67,R1
68,R1
69,R1
70,R1
71,R1
72,R1
73,R1
74,R1
75,R1
76,R1
77,R1
78,R1
79,R1
80,R1
81,R1
82,R1
83,R1
84,R1
85,R1
86,R1
87,R1
88,R1
89,R1
90,R1
91,R1
92,R1
93,R1
94,R1
95,R1
96,R1
97,R1
98,R1
99,R1
100,R1
101,R1
102,R1
103,R1
104,R1
105,R1
106,R1
107,R1
108,R1
109,R1
110,R1
111,R1
112,R1
113,R1
114,R1
115,R1
116,R1
117,R1
118,R1
119,R1
120,R1
121,R1
122,R1
123,R1
124,R1
125,R1
126,R1
127,R1
128,R1
129,R1
130,R1
131,R1
132,R1
133,R1
134,R1
135,R1
136,R1
137,R1
138,R1
139,R1
140,R1
141,R1
142,R1
143,R1
144,R1
145,R1
146,R1
147,R1
148,R1
149,R1
150,R1
151,R1
152,R1
153,R1
154,R1
155,R1
156,R1
157,R1
158,R1
159,R1
160,R1
161,R1
162,R1
163,R1
164,R1
165,R1
166,R1
167,R1
168,R1
169,R1
170,R1
171,R1
172,R1
173,R1
174,R1
175,R1
176,R1
177,R1
178,R1
179,R1
180,R1
181,R1
182,R1
183,R1
184,R1
185,R1
186,R1
187,R1
188,R1
189,R1
190,R1
191,R1
192,R1
193,R1
194,R1
195,R1
196,R1
197,R1
198,R1
199,R1
200,R1
201,R1
202,R1
203,R1
204,R1
205,R1
206,R1
207,R1
208,R1
209,R1
210,R1
211,R1
212,R1
213,R1
214,R1
215,R1
216,R1
217,R1
218,R1
219,R1
220,R1
221,R1
222,R1
223,R1
224,R1
225,R1
226,R1
227,R1
228,R1
229,R1
230,R1
231,R1
232,R1
233,R1
234,R1
235,R1
236,R1
237,"R2"""
238,"R2"""
239,"R2"""
240,"R2"""
241,"R2"""
242,"R2"""
243,"R2"""
244,"R2"""
245,"R2"""
246,"R2"""
247,"R2"""
248,"R2"""
249,"R2"""
250,"R2"""
251,"R2"""
252,"R2"""
253,"R2"""
254,"R2"""
255,"R2"""
256,"R2"""
257,"R2"""
258,"R2"""
259,"R2"""
260,"R2"""
261,"R2"""
262,"R2"""
263,"R2"""
264,"R2"""
265,"R2"""
266,"R2"""
267,"R2"""
268,"R2"""
269,"R2"""
270,"R2"""
271,"R2"""
272,"R2"""
273,"R2"""
274,"R2"""
275,"R2"""
276,"R2"""
277,"R2"""
278,"R2"""
279,"R2"""
280,"R2"""
281,"R2"""
282,"R2"""
283,"R2"""
284,"R2"""
285,"R2"""
286,"R2"""
287,"R2"""
288,"R2"""
289,"R2"""
290,"R2"""
291,"R2"""
292,"R2"""
293,"R2"""
294,"R2"""
295,"R2"""
296,"R2"""
297,"R2"""
298,"R2"""
299,"R2"""
300,"R2"""
301,"R2"""
302,"R2"""
303,"R2"""
304,"R2"""
305,"R2"""
306,"R2"""
307,"R2"""
308,"R2"""
309,"R2"""
310,"R2"""
311,"R2"""
312,"R2"""
313,"R2"""
314,"R2"""
315,"R2"""
316,"R2"""
317,"R2"""
318,"R2"""
319,"R2"""
320,"R2"""
321,"R2"""
322,"R2"""
323,"R2"""
324,"R2"""
325,"R2"""
326,"R2"""
327,"R2"""
328,"R2"""
329,"R2"""
330,"R2"""
331,"R2"""
332,"R2"""
333,"R2"""
334,"R2"""
335,"R2"""
336,"R2"""
337,"R2"""
338,"R2"""
339,"R2"""
340,"R2"""
341,"R2"""
342,"R2"""
343,"R2"""
344,"R2"""
345,"R2"""
346,"R2"""
347,"R2"""
348,"R2"""
349,"R2"""
350,"R2"""
351,"R2"""
352,"R2"""
353,"R2"""
354,"R2"""
355,"R2"""
356,"R2"""
357,"R2"""
358,"R2"""
359,"R2"""
360,"R2"""
361,"R2"""
362,"R2"""
363,"R2"""
364,"R2"""
365,"R2"""
366,"R2"""
367,"R2"""
368,"R2"""
369,"R2"""
370,"R2"""
371,"R2"""
372,"R2"""
373,"R2"""
374,"R2"""
375,"R2"""
376,"R2"""
377,"R2"""
378,"R2"""
379,"R2"""
380,"R2"""
381,"R2"""
382,"R2"""
383,"R2"""
384,"R2"""
385,"R2"""
386,"R2"""
387,"R2"""
388,"R2"""
389,"R2"""
390,"R2"""
391,"R2"""
392,"R2"""
393,"R2"""
394,"R2"""
395,"R2"""
396,"R2"""
397,"R2"""
398,"R2"""
399,"R2"""
400,"R2"""
401,"R2"""
402,"R2"""
403,"R2"""
404,"R2"""
405,"R2"""
406,"R2"""
407,"R2"""
408,"R2"""
409,"R2"""
410,"R2"""
411,"R2"""
412,"R2"""
413,"R2"""
414,"R2"""
415,"R2"""
416,"R2"""
417,"R2"""
418,"R2"""
419,"R2"""
420,"R2"""
421,"R2"""
422,"R2"""
423,"R2"""
424,"R2"""
425,"R2"""
426,"R2"""
427,"R2"""
428,"R2"""
429,"R2"""
430,"R2"""
431,"R2"""
432,"R2"""
433,"R2"""
434,"R2"""
435,"R2"""
436,"R2"""
437,"R2"""
438,"R2"""
439,"R2"""
440,"R2"""
441,"R2"""
442,"R2"""
443,"R2"""
444,"R2"""
445,"R2"""
446,"R2"""
447,"R2"""
448,"R2"""
449,"R2"""
450,"R2"""
451,"R2"""
452,"R2"""
453,"R2"""
454,"R2"""
455,"R2"""
456,"R2"""
457,"R2"""
458,"R2"""
459,"R2"""
460,"R2"""
461,"R2"""
462,"R2"""
463,"R2"""
464,"R2"""
465,"R2"""
466,"R2"""
467,"R2"""
468,"R2"""
469,"R2"""
470,"R2"""
471,"R2"""
472,"R2"""
473,"R2"""
474,"R2"""
475,"R2"""
476,"R2"""
477,"R2"""
478,"R2"""
479,"R2"""
480,"R2"""
481,"R2"""
482,"R2"""
483,"R2"""
484,"R2"""
485,"R2"""
486,"R2"""
487,"R2"""
488,"R2"""
489,"R2"""
490,"R2"""
491,"R2"""
492,"R2"""
493,"R2"""
494,"R2"""
495,"R2"""
496,"R2"""
497,"R2"""
498,"R2"""
499,"R2"""
500,"R2"""
501,"R2"""
502,"R2"""
503,"R2"""
504,"R2"""
505,"R2"""
506,"R2"""
507,"R2"""
508,"R2"""
509,"R3"""
510,"R3"""
511,"R3"""
512,"R3"""
513,"R3"""
514,"R3"""
515,"R3"""
516,"R3"""
517,"R3"""
518,"R3"""
519,"R3"""
520,"R3"""
521,"R3"""
522,"R3"""
523,"R3"""
524,"R3"""
525,"R3"""
526,"R3"""
527,"R3"""
528,"R3"""
529,"R3"""
530,"R3"""
531,"R3"""
532,"R3"""
533,"R3"""
534,"R3"""
535,"R3"""
536,"R3"""
537,"R3"""
538,"R3"""
539,"R3"""
540,"R3"""
541,"R3"""
542,"R3"""
543,"R3"""
544,"R3"""
545,"R3"""
546,"R3"""
547,"R3"""
548,"R3"""
549,"R3"""
550,"R3"""
551,"R3"""
552,"R3"""
553,"R3"""
554,"R3"""
555,"R3"""
556,"R3"""
557,"R3"""
558,"R3"""
559,"R3"""
560,"R3"""
561,"R3"""
562,"R3"""
563,"R3"""
564,"R3"""
565,"R3"""
566,"R3"""
567,"R3"""
568,"R3"""
569,"R3"""
570,"R3"""
571,"R3"""
572,"R3"""
573,"R3"""
574,"R3"""
575,"R3"""
576,"R3"""
577,"R3"""
578,"R3"""
579,"R3"""
580,"R3"""
581,"R3"""
582,"R3"""
583,"R3"""
584,"R3"""
585,"R3"""
586,"R3"""
587,"R3"""
588,"R3"""
589,"R3"""
590,"R3"""
591,"R3"""
592,"R3"""
593,"R3"""
594,"R3"""
595,"R3"""
596,"R3"""
597,"R3"""
598,"R3"""
599,"R3"""
600,"R3"""
601,"R3"""
602,"R3"""
603,"R3"""
604,"R3"""
605,"R3"""
606,"R3"""
607,"R3"""
608,"R3"""
609,"R3"""
610,"R3"""
611,"R3"""
612,"R3"""
613,"R3"""
614,"R3"""
615,"R3"""
616,"R3"""
617,"R3"""
618,"R3"""
619,"R3"""
620,"R3"""
621,"R3"""
622,"R3"""
623,"R3"""
624,"R3"""
625,"R3"""
626,"R3"""
627,"R3"""
628,"R3"""
629,"R3"""
630,"R3"""
631,"R3"""
632,"R3"""
633,"R3"""
634,"R3"""
635,"R3"""
636,"R3"""
637,"R3"""
638,"R3"""
639,"R3"""
640,"R3"""
641,"R3"""
642,"R3"""
643,"R3"""
644,"R3"""
645,"R3"""
646,"R3"""
647,"R3"""
648,"R3"""
649,"R3"""
650,"R3"""
651,"R3"""
652,"R3"""
653,"R3"""
654,"R3"""
655,"R3"""
656,"R3"""
657,"R3"""
658,"R3"""
659,"R3"""
660,"R3"""
661,"R3"""
662,"R3"""
663,"R3"""
664,"R3"""
665,"R3"""
666,"R3"""
667,"R3"""
668,"R3"""
669,"R3"""
670,"R3"""
671,"R3"""
672,"R3"""
673,"R3"""
674,"R3"""
675,"R3"""
676,"R3"""
677,"R3"""
678,"R3"""
679,"R3"""
680,"R3"""
681,"R3"""
682,"R3"""
683,"R3"""
684,"R3"""
685,"R3"""
686,"R3"""
687,"R3"""
688,"R3"""
689,"R3"""
690,"R3"""
691,"R3"""
692,"R3"""
693,"R3"""
694,"R3"""
695,"R3"""
696,"R3"""
697,"R3"""
698,"R3"""
699,"R3"""
700,"R3"""
701,"R3"""
702,"R3"""
703,"R3"""
704,"R3"""
705,"R3"""
706,"R3"""
707,"R3"""
708,"R3"""
709,"R3"""
710,"R3"""
711,"R3"""
712,"R3"""
713,"R3"""
714,"R3"""
715,"R3"""
716,"R3"""
717,"R3"""
718,"R3"""
719,"R3"""
720,"R3"""
721,"R3"""
722,"R3"""
723,"R3"""
724,"R3"""
725,"R3"""
726,"R3"""
727,"R3"""
728,"R3"""
729,"R3"""
730,"R3"""
731,"R3"""
732,"R3"""
733,"R3"""
734,"R3"""
735,"R3"""
736,"R3"""
737,"R3"""
738,"R3"""
739,"R3"""
740,"R3"""
741,"R3"""
742,"R3"""
743,"R3"""
744,"R3"""
745,"R3"""
746,"R3"""
747,"R3"""
748,"R3"""
749,"R3"""
750,"R3"""
751,"R3"""
752,"R3"""
753,"R3"""
754,"R3"""
755,"R3"""
756,"R3"""
757,"R3"""
758,"R3"""
759,"R3"""
760,"R3"""
761,"R3"""
762,"R3"""
763,"R3"""
764,"R3"""
765,"R3"""
766,"R3"""
767,"R3"""
768,"R3"""
769,"R3"""
770,"R3"""
771,"R3"""
772,"R3"""
773,"R3"""
774,"R3"""
775,"R3"""
776,"R3"""
777,"R3"""
778,"R3"""
779,"R3"""
780,"R3"""
781,"R3"""
782,"R3"""
783,"R3"""
784,"R3"""
785,"R3"""
786,"R3"""
787,"R3"""
788,"R3"""
789,"R3"""
790,"R3"""
791,"R3"""
792,"R3"""
793,"R3"""
794,"R3"""
795,"R3"""
796,"R3"""
797,"R3"""
798,"R3"""
799,"R3"""
800,"R3"""
801,"R3"""
802,"R3"""
803,"R3"""
804,"R3"""
805,"R3"""
806,"R3"""
807,"R3"""
808,"R3"""
809,"R3"""
810,"R3"""
811,"R3"""
812,"R3"""
813,"R3"""
814,"R3"""
815,"R3"""
816,"R3"""
817,"R3"""
818,"R3"""
819,"R3"""
820,"R3"""
821,"R3"""
822,"R3"""
823,"R3"""
824,"R3"""
825,R4
826,R4
827,R4
828,R4
829,R4
830,R4
831,R4
832,R4
833,R4
834,R4
835,R4
836,R4
837,R4
838,R4
839,R4
840,R4
841,R4
842,R4
843,R4
844,R4
845,R4
846,R4
847,R4
848,R4
849,R4
850,R4
851,R4
852,R4
853,R4
854,R4
855,R4
856,R4
857,R4
858,R4
859,R4
860,R4
861,R4
862,R4
863,R4
864,R4
865,R4
866,R4
867,R4
868,R4
869,R4
870,R4
871,R4
872,R4
873,R4
874,R4
875,R4
876,R4
877,R4
878,R4
879,R4
880,R4
881,R4
882,R4
883,R4
884,R4
885,R4
886,R4
887,R5
888,R5
889,R5
890,R5
891,R5
892,R5
893,R5
894,R5
895,R5
896,R5
897,R5
898,R5
899,R5
900,R5
901,R5
902,R5
903,R5
904,R5
905,R5
906,R5
907,R5
908,R5
909,R5
910,R5
911,R5
912,R5
913,R5
914,R5
915,R5
916,R5
917,R5
918,R5
919,R5
920,R5
921,R5
922,R5
923,R5
924,R5
925,R5
926,R5
927,R5
928,R5
929,R5
930,R5
931,R5
932,R5
933,R5
934,R5
935,R5
936,R5
937,R5
938,R5
939,R5
940,R5
941,R5
942,R5
943,R5
944,R5
945,R5
946,R5
947,R5
948,R5
949,R5
950,R5
951,R5
952,R5
953,R5
954,R5
955,R5
956,R5
957,R5
958,R5
959,R5
960,R5
961,R5
962,R5
963,R5
964,R5
965,R5
966,R5
967,R5
968,R5
969,R5
970,R5
971,R5
972,R5
973,R5
974,R5
975,R5
976,R5
977,R5
978,R5
979,R5
980,R5
981,R5
982,R5
983,R5
984,R5
985,R5
986,R5
987,R5
988,R5
989,R5
990,R5
991,R5
992,R5
993,R5
994,R5
995,R5
996,R5
997,R5
998,R5
999,R5
1000,R5
